{"cameraMode":{"drawMode":0,"name":"Shaded","section":"Shading Mode"},"sceneLighting":false,"audioPlay":false,"sceneViewState":{"m_AlwaysRefresh":false,"showFog":true,"showSkybox":false,"showFlares":true,"showImageEffects":true,"showParticleSystems":true,"showVisualEffectGraphs":true,"m_FxEnabled":true},"in2DMode":false,"pivot":{"x":2.3966450691223146,"y":-1.3366343975067139,"z":-0.41780829429626467},"rotation":{"x":0.06628692150115967,"y":0.9227539300918579,"z":-0.33193519711494448,"w":0.1842840611934662},"size":4.042143821716309,"orthographic":false}