{"cameraMode":{"drawMode":0,"name":"Shaded","section":"Shading Mode"},"sceneLighting":true,"audioPlay":false,"sceneViewState":{"m_AlwaysRefresh":false,"showFog":true,"showSkybox":true,"showFlares":true,"showImageEffects":true,"showParticleSystems":true,"showVisualEffectGraphs":true,"m_FxEnabled":true},"in2DMode":false,"pivot":{"x":4.934898376464844,"y":1.9776153564453126,"z":-36.64385223388672},"rotation":{"x":0.18188486993312837,"y":0.40699928998947146,"z":-0.08306607604026795,"w":0.8912914395332336},"size":14.055838584899903,"orthographic":false}