{"cameraMode":{"drawMode":0,"name":"Shaded","section":"Shading Mode"},"sceneLighting":true,"audioPlay":false,"sceneViewState":{"m_AlwaysRefresh":false,"showFog":true,"showSkybox":true,"showFlares":true,"showImageEffects":true,"showParticleSystems":true,"showVisualEffectGraphs":true,"m_FxEnabled":true},"in2DMode":false,"pivot":{"x":5.10085391998291,"y":1.4667739868164063,"z":-28.4940185546875},"rotation":{"x":0.04079204797744751,"y":0.017348406836390497,"z":-0.0007186988368630409,"w":0.9990329146385193},"size":3.3945183753967287,"orthographic":false}