{"cameraMode":{"drawMode":0,"name":"Shaded","section":"Shading Mode"},"sceneLighting":true,"audioPlay":false,"sceneViewState":{"m_AlwaysRefresh":false,"showFog":true,"showSkybox":true,"showFlares":true,"showImageEffects":true,"showParticleSystems":true,"showVisualEffectGraphs":true,"m_FxEnabled":true},"in2DMode":false,"pivot":{"x":-66.50708770751953,"y":-165.3533935546875,"z":277.2055358886719},"rotation":{"x":-0.28117239475250246,"y":0.10568922013044357,"z":-0.031167419627308847,"w":-0.9533150792121887},"size":221.88558959960938,"orthographic":false}